<?xml version="1.0"?>
<config xmlns:xsi="http://www.w3.org/2001/XMLSchema-instance" xsi:noNamespaceSchemaLocation="urn:magento:module:Magento_Config:etc/system_file.xsd">
    <system>
        <tab id="attribute" translate="label" sortOrder="10">
            <label>Attribute</label>
        </tab>
        <section id="customprice" translate="label" sortOrder="130" showInDefault="1" showInWebsite="1" showInStore="1">
            <class>separator-top</class>
            <label>Attribute</label>
            <tab>attribute</tab>
            <resource>Attribute_CustomPrice::customprice_config</resource>
            <group id="general" translate="label" type="text" sortOrder="10" showInDefault="1" showInWebsite="0" showInStore="0">
                <label>General Configuration</label>
                <field id="enable" translate="label" type="select" sortOrder="1" showInDefault="1" showInWebsite="0" showInStore="0">
                    <label>Module Enable</label>
                    <source_model>Magento\Config\Model\Config\Source\Yesno</source_model>
                </field>
                <field id="custom_price_percent" translate="label" type="text" sortOrder="1" showInDefault="1" showInWebsite="0" showInStore="0" canRestore="1">
                    <label>Custom Price %</label>
                    <comment>Enter %</comment>
                </field>
             </group>
        </section>
    </system>
</config>
