<?xml version="1.0" encoding="UTF-8"?>
<widgets xmlns:xsi="http://www.w3.org/2001/XMLSchema-instance"
         xsi:noNamespaceSchemaLocation="urn:magento:module:Magento_Widget:etc/widget.xsd">
    <widget id="widget_custom" class="Widget\Custom\Block\Widget\ProductGrid">
        <label>Custom Widget</label>
        <description>Custom Widget</description>


        <parameters>
            <parameter name="title" xsi:type="text" visible="false">
                <label translate="true">Title</label>
            </parameter>

            <parameter name="products_sort_by" xsi:type="select" visible="true"
                       source_model="Widget\Custom\Model\SortBy">
                <label translate="true">Sort Products By</label>
            </parameter>

            <parameter name="products_sort_order" xsi:type="select" visible="true"
                       source_model="Widget\Custom\Model\SortOrder">
                <label translate="true">Sort Products Order</label>
            </parameter>

            <parameter name="show_pager" xsi:type="select" visible="true"
                       source_model="Magento\Config\Model\Config\Source\Yesno">
                <label translate="true">Display Page Control</label>
            </parameter>

            <parameter name="products_per_page" xsi:type="text" required="true" visible="true">
                <label translate="true">Numbers of Products per Page</label>
                <depends>
                    <parameter name="show_pager" value="1"/>
                </depends>
                <value>5</value>
            </parameter>

            <parameter name="products_count" xsi:type="text" required="true" visible="true">
                <label translate="true">Numbers of Products to Display</label>
                <value>10</value>
            </parameter>

            <parameter name="template" xsi:type="select" visible="true" required="true">
                <label translate="true">Template</label>
                <options>
                    <option name="default" value="Magento_CatalogWidget::product/widget/content/grid.phtml"
                            selected="true">
                        <label translate="true">Products Grid Template</label>
                    </option>
                </options>
            </parameter>

        </parameters>


    </widget>
</widgets>
