<?xml version="1.0"?>
<config xmlns:xsi="http://www.w3.org/2001/XMLSchema-instance"
        xsi:noNamespaceSchemaLocation="urn:magento:module:Magento_Config:etc/system_file.xsd">
    <system>
        <tab id="order" translate="label" sortOrder="10">
            <label>Order</label>
        </tab>
        <section id="cancel_order" translate="label" sortOrder="130" showInDefault="1" showInWebsite="1"
                 showInStore="1">
            <class>separator-top</class>
            <label>Cancel</label>
            <tab>order</tab>
            <resource>Order_Cancel::cancel_config</resource>
            <group id="general" translate="label" type="text" sortOrder="10" showInDefault="1" showInWebsite="0"
                   showInStore="0">
                <label>General Configuration</label>
                <field id="enable" translate="label" type="select" sortOrder="20" showInDefault="1" showInWebsite="0"
                       showInStore="0">
                    <label>Module Enable</label>
                    <source_model>Magento\Config\Model\Config\Source\Yesno</source_model>
                </field>

                <field id="group_list1" translate="label" type="multiselect" sortOrder="30" showInDefault="1"
                       showInWebsite="1" showInStore="0">
                    <label>Allow for Selected Group(s)</label>
                    <source_model>Order\Cancel\Model\Config\Source\CustomerGroups</source_model>
                    <can_be_empty>1</can_be_empty>
                </field>

                <field id="status_list1" translate="label" type="multiselect" sortOrder="40" showInDefault="1"
                       showInWebsite="1" showInStore="0">
                    <label>Allowed Order Status(es)</label>
                    <source_model>Order\Cancel\Model\Config\Source\OrderStatuses</source_model>
                    <can_be_empty>1</can_be_empty>
                </field>

            </group>
        </section>

    </system>
</config>
