<?xml version="1.0"?>
<config xmlns:xsi="http://www.w3.org/2001/XMLSchema-instance" xsi:noNamespaceSchemaLocation="urn:magento:framework:Acl/etc/acl.xsd">
<acl>
<resources>
    <resource id="Magento_Backend::admin">
        <resource id="AdminACL_RunOut::runout" title="Run Out" sortOrder="51">          
            <resource id="AdminACL_RunOut::post" title="Posts" sortOrder="10"/>
                <resource id="AdminACL_RunOut::RunOut_configuration" title="Configuration" sortOrder="99" />
            </resource>
    <resource id="Magento_Backend::stores">
        <resource id="Magento_Backend::stores_settings">
            <resource id="Magento_Config::config">
                <resource id="AdminACL_RunOut::runout_config" title="Run Out"/>
            </resource>
        </resource>
    </resource>
</resource>
</resources>
</acl>
</config>