<?xml version="1.0"?>
<config xmlns:xsi="http://www.w3.org/2001/XMLSchema-instance" xsi:noNamespaceSchemaLocation="urn:magento:framework:ObjectManager/etc/config.xsd">
    <!-- For Blog -->
    <virtualType name="OrderCancelBlogFilterPool" type="Magento\Framework\View\Element\UiComponent\DataProvider\FilterPool">
        <arguments>
            <argument name="appliers" xsi:type="array">
                <item name="regular" xsi:type="object">Magento\Framework\View\Element\UiComponent\DataProvider\RegularFilter</item>
                <item name="fulltext" xsi:type="object">Magento\Framework\View\Element\UiComponent\DataProvider\FulltextFilter</item>
            </argument>
        </arguments>
    </virtualType>
    <virtualType name="OrderCancelBlogFilterPool" type="Magento\Framework\View\Element\UiComponent\DataProvider\DataProvider">
        <arguments>
            <argument name="collection" xsi:type="object" shared="false">Order\Cancel\Model\ResourceModel\Blog\Collection</argument>
            <argument name="filterPool" xsi:type="object" shared="false">OrderCancelBlogFilterPool</argument>
        </arguments>
    </virtualType>
    <type name="Order\Cancel\Model\ResourceModel\Blog\Grid\Collection">
        <arguments>
            <argument name="mainTable" xsi:type="string">order_table</argument>
            <argument name="eventPrefix" xsi:type="string">order_cancel_blog_grid_collection</argument>
            <argument name="eventObject" xsi:type="string">blog_grid_collection</argument>
            <argument name="resourceModel" xsi:type="string">Order\Cancel\Model\ResourceModel\Blog</argument>
        </arguments>
    </type>
    <type name="Magento\Framework\View\Element\UiComponent\DataProvider\CollectionFactory">
        <arguments>
            <argument name="collections" xsi:type="array">
                <item name="order_cancel_blog_listing_data_source" xsi:type="string">Order\Cancel\Model\ResourceModel\Blog\Grid\Collection</item>
            </argument>
        </arguments>
    </type>                <type name="Order\Cancel\Ui\Component\MassAction\Status\Options">
    <arguments>
        <argument name="data" xsi:type="array">
            <item name="urlPath" xsi:type="string">*/*/massStatus</item>
            <item name="paramName" xsi:type="string">status</item>
            <item name="confirm" xsi:type="array">
                <item name="title" xsi:type="string" translatable="true">Change Status</item>
                <item name="message" xsi:type="string" translatable="true">Are you sure you wan't to update selected items status?</item>
            </item>
        </argument>
    </arguments>
</type>

</config>
