<?xml version="1.0"?>
<config xmlns:xsi="http://www.w3.org/2001/XMLSchema-instance"
        xsi:noNamespaceSchemaLocation="urn:magento:framework:ObjectManager/etc/config.xsd">
    <type name="Magento\Customer\CustomerData\SectionPoolInterface">
        <arguments>
            <argument name="sectionSourceMap" xsi:type="array">
                <item name="custom_section" xsi:type="string">City\Definition\CustomerData\CustomSection</item>
            </argument>
        </arguments>
    </type>
</config>
